{"accuracy": [0.03621795028448105, 0.03205128386616707, 0.05576923117041588, 0.07724358886480331, 0.08910256624221802, 0.10737179219722748, 0.14711537957191467, 0.17980769276618958, 0.20705127716064453, 0.23237179219722748, 0.25737178325653076, 0.27435898780822754, 0.3144230842590332, 0.3314102590084076, 0.35256409645080566, 0.36955127120018005, 0.39839744567871094, 0.4214743673801422, 0.44198718667030334, 0.4445512890815735, 0.4721153974533081, 0.482051283121109, 0.5057692527770996, 0.5185897350311279, 0.5230769515037537, 0.5391025543212891, 0.548397421836853, 0.5762820243835449, 0.5756410360336304, 0.596794843673706, 0.5961538553237915, 0.6105769276618958], "loss": [4.581169605255127, 3.6192197799682617, 3.5184242725372314, 3.3659727573394775, 3.2482211589813232, 3.1054866313934326, 2.9265458583831787, 2.8000664710998535, 2.688800811767578, 2.568251848220825, 2.492513418197632, 2.4147942066192627, 2.327808141708374, 2.2385880947113037, 2.1493406295776367, 2.092261791229248, 2.040567398071289, 1.9633158445358276, 1.8667657375335693, 1.842324137687683, 1.7938172817230225, 1.7186050415039062, 1.6283540725708008, 1.6162464618682861, 1.5712010860443115, 1.5376261472702026, 1.5140562057495117, 1.4396427869796753, 1.4340956211090088, 1.3773773908615112, 1.3147817850112915, 1.3353500366210938], "val_accuracy": [0.028490029275417328, 0.04843304678797722, 0.07407407462596893, 0.09401709586381912, 0.14529915153980255, 0.24786324799060822, 0.28205129504203796, 0.20797720551490784, 0.3960113823413849, 0.3817663788795471, 0.404558390378952, 0.4900285005569458, 0.47863247990608215, 0.5840455889701843, 0.5840455889701843, 0.6068376302719116, 0.6581196784973145, 0.4729344844818115, 0.5897436141967773, 0.6638176441192627, 0.7606837749481201, 0.7122507095336914, 0.6381766200065613, 0.7635327577590942, 0.7834757566452026, 0.8233618140220642, 0.8062677979469299, 0.8518518805503845, 0.8547008633613586, 0.8774929046630859, 0.8603988885879517, 0.8888888955116272], "val_loss": [3.583530902862549, 3.4667491912841797, 3.216078042984009, 3.0877950191497803, 2.956975221633911, 2.74630069732666, 2.649639368057251, 2.8812479972839355, 2.2419397830963135, 2.247680425643921, 1.963339924812317, 2.0112688541412354, 1.9257752895355225, 1.6802496910095215, 1.430895209312439, 1.3816462755203247, 1.2375929355621338, 2.2080421447753906, 1.5009645223617554, 1.1730858087539673, 1.0520118474960327, 0.9965618848800659, 1.3243905305862427, 0.9488423466682434, 0.895538330078125, 0.7172167301177979, 0.8404074907302856, 0.7129544615745544, 0.6300434470176697, 0.554287314414978, 0.5748499035835266, 0.5152294635772705]}